[
    {
        "id": "0842181e-5fce-4d3d-8a6d-fcbd2e03ad90",
        "title": "THR",
        "date": "15 Dec 2025",
        "amount": "2.000.000",
        "Type": "Income",
        "Category": "Salary"
    },
    {
        "id": "84f78bd2-891b-4065-96c9-536ff52b9bc1",
        "title": "Gaji ke-13",
        "date": "15 Dec 2025",
        "amount": "2.000.000",
        "Type": "Income",
        "Category": "Salary"
    },
    {
        "id": "9d179932-1bb3-4c82-89e1-16b96edc0ce3",
        "title": "Listrik",
        "date": "15 Dec 2025",
        "amount": "80.000",
        "Type": "Expense",
        "Category": "Electrical"
    },
    {
        "id": "9abc0fca-cd00-4aee-9226-a193c4207e96",
        "title": "Januari",
        "date": "15 Dec 2025",
        "amount": "2.000.000",
        "Type": "Income",
        "Category": "Dividen"
    },
    {
        "id": "c298c600-b2a7-49b3-9b14-6985326f6e40",
        "title": "Gojek",
        "date": "15 Dec 2025",
        "amount": "25.000",
        "Type": "Expense",
        "Category": "Transportation"
    }
]