[
    {
        "id": "620f1a69-09cc-4cac-931f-b6d6e2cf0c02",
        "title": "Februari",
        "date": "22 Dec 2017",
        "amount": "800.000",
        "Type": "Income",
        "Category": "Salary"
    },
    {
        "id": "8976b719-24e5-40a2-9e61-d55ab0bdd5fa",
        "title": "Grab",
        "date": "16 Dec 2025",
        "amount": "35.000",
        "Type": "Expense",
        "Category": "Transportation"
    },
    {
        "id": "1a0bfac4-8116-44ac-83c9-a5691e830e04",
        "title": "January",
        "date": "16 Dec 2025",
        "amount": "2.000.000",
        "Type": "Income",
        "Category": "Salary"
    },
    {
        "id": "0ecc63cf-2b97-4fa2-afa2-f80320d1a235",
        "title": "Gocar",
        "date": "16 Dec 2025",
        "amount": "250.000",
        "Type": "Expense",
        "Category": "Transportation"
    }
]